1,Leah,O'Hogertie,lohogertie0,mL5%}+E5_.c,FALSE
2,Dalila,Najera,dnajera1,zR2.Nhxs6,TRUE
3,Lira,Kornel,lkornel2,iA6%uNuW4kxZ,FALSE
4,Carny,Muncaster,cmuncaster3,"uP0""*a,i57Ul0+",FALSE
5,Charley,Gruszczak,cgruszczak4,"tP3""WVrOw|VEM",TRUE
6,Desiri,Fussie,dfussie5,kR4$6Iyf7adSkK,FALSE
7,Roshelle,Willett,rwillett6,sC9)a#Tz,TRUE
8,Madlen,Broy,mbroy7,xE1%1DP+8T(sp>1,FALSE
9,Aluino,Peterken,apeterken8,uO7/jqG!r,TRUE
10,Mikaela,Endecott,mendecott9,rG4=(y&mIG,FALSE
11,Patrica,Storres,pstorresa,fC1<sFDhr!,TRUE
12,Anya,Maynard,amaynardb,nZ9)y%+t,TRUE
13,Brigitte,Pedrielli,bpedriellic,gG3@JIpXE,TRUE
14,Hatty,Haslin,hhaslind,pC2`27jq6!,TRUE
15,Ernst,Ambrozik,eambrozike,"qI4,Ae.z?Z",FALSE
16,Ingmar,Hargreves,ihargrevesf,xI9#ZghB3,TRUE
17,Robinette,Janusz,rjanuszg,iF0@2R|pTdjIj,FALSE
18,Any,Clemes,aclemesh,gJ0@u6?Dt`F>X,FALSE
19,Fidelia,Rignoldes,frignoldesi,uU0\jg2(c,FALSE
20,Olin,Jansky,ojanskyj,yB0%SVRUj)iM8,TRUE
21,Margy,Verney,mverneyk,bA6<dT6P.,FALSE
22,Luke,Lorain,llorainl,xD4{/Qfj#x8`\H,TRUE
23,Antons,Grindell,agrindellm,"gQ8""r\ju6",FALSE
24,Ola,Defrain,odefrainn,"qF9|""K6.=rnF7g=",FALSE
25,Bowie,Renehan,brenehano,aC8!X&U',TRUE
26,Tadeo,Benoit,tbenoitp,dL7$klG~,FALSE
27,Adi,Jochen,ajochenq,lO5?*mU3#O,TRUE
28,Alis,Frear,afrearr,jD7&K|JlmMdm6,TRUE
29,Loralyn,Ommundsen,lommundsens,tW9_/.S#|ZlA8,TRUE
30,Alessandro,Crimin,acrimint,"vM0""2""WxZYYs#",FALSE
31,Ariadne,Coultass,acoultassu,"tV1@""A#AJRIp+aI",TRUE
32,Bertine,Cowton,bcowtonv,"oL9,bB0g=d`ljf+",FALSE
33,Trudy,Stocks,tstocksw,fZ2<m&gM.2kRk,TRUE
34,Justen,Errigo,jerrigox,fH5`}VlyS,FALSE
35,Annemarie,Yuryichev,ayuryichevy,dZ3>)d/mT5,TRUE
36,Kyle,Bannon,kbannonz,wU9?j+a<,FALSE
37,Liuka,Leathem,lleathem10,dH4#QdL+Z,TRUE
38,Candis,Edens,cedens11,xV7`>GXmW()o,TRUE
39,Almeda,Chaves,achaves12,"mZ0~QI,FUwfV+Zo",FALSE
40,Sandye,Dagger,sdagger13,cJ6%e9!4&>EiA4,FALSE
41,Pennie,Tremoulet,ptremoulet14,"pB6`)<t,umO$",TRUE
42,Cleveland,Le Blanc,cleblanc15,vJ4_l9#0qY,FALSE
43,Bordie,Filov,bfilov16,mB9+K9g)>&eOuznl,TRUE
44,Melva,Top,mtop17,sH0.Ad!4,FALSE
45,Lauren,Samples,lsamples18,"zI5""}Zrg6&.",TRUE
46,Tallie,Handyside,thandyside19,xP9@aIC?XsO,TRUE
47,Madlen,Boij,mboij1a,"qU7_u""{\%",FALSE
48,Rayshell,William,rwilliam1b,hS1{~hI5jaUie(9,FALSE
49,Celie,Peerman,cpeerman1c,mT7{XyWu&B,TRUE
50,Jennine,Arnaez,jarnaez1d,gW3&a41%X,TRUE
51,Woodman,Paintain,wpaintain1e,sU5`/x#o+@Ea,TRUE
52,Cody,Beneyto,cbeneyto1f,"wD9""TDn~z+kZ",TRUE
53,Valentine,Borley,vborley1g,"eI7\W)u~_0pBTN""",FALSE
54,Lillian,Bruckent,lbruckent1h,zU1%X&uV,FALSE
55,Ophelie,Beel,obeel1i,nD7('Ok\,FALSE
56,Burt,Jorin,bjorin1j,vK0+h<\2VM@,FALSE
57,Karl,Keyho,kkeyho1k,"kK9_""3qIboO8G8",TRUE
58,Gracia,Harman,gharman1l,nX8=DDTM,TRUE
59,Trisha,Kingescot,tkingescot1m,xO9!1Uf@,FALSE
60,Adair,Bilverstone,abilverstone1n,oT4{K)e)4?8=mD*.,FALSE
61,Dell,Shuttleworth,dshuttleworth1o,iN0+)'*EeFbT,FALSE
62,Fidel,Bootman,fbootman1p,tQ8$*ON|,FALSE
63,Aviva,Brumbye,abrumbye1q,bS2)\jVMn&`c,TRUE
64,Fanya,Barneveld,fbarneveld1r,xA8}7_<O(,TRUE
65,Eugenius,Filipowicz,efilipowicz1s,nL1/36ucg*,FALSE
66,George,Leupoldt,gleupoldt1t,gC0~8skY'r,TRUE
67,Tracey,Wayt,twayt1u,sN4/+.ZM{z89c,FALSE
68,Brett,Sang,bsang1v,pL8}@%&.~h'U,TRUE
69,Buddie,Lorenzo,blorenzo1w,zP2@j1il/+B,TRUE
70,Malia,Domenico,mdomenico1x,mS6>g{?7N'PxfK/Y,FALSE
71,Colette,Drage,cdrage1y,vZ8_)S)?#p_,FALSE
72,Bella,Oswell,boswell1z,eA0%m`d<FXO&A&y,TRUE
73,Agneta,Salamon,asalamon20,rJ9+f|&WZ/ZS,FALSE
74,Barny,Thomkins,bthomkins21,"pI2<OSZ_D29oY""",TRUE
75,Klaus,Olander,kolander22,"aX4,&hOe`)v+Gh1!",TRUE
76,Franny,Paton,fpaton23,dA9%l3BZ0rD{6,FALSE
77,Ugo,Norwell,unorwell24,pL7'zN706/08kZKd,TRUE
78,Emmalynn,Fitzsimon,efitzsimon25,bF7$<noZJLzY,FALSE
79,Tonya,Tattam,ttattam26,nY5'1Lf.)C,FALSE
80,Ferdinande,Danilin,fdanilin27,kB1)l7$zDlOs2b/4,TRUE
81,Andreas,Nutbrown,anutbrown28,lL4`lWe')e&=,TRUE
82,Bonnee,Alvarado,balvarado29,lJ4+b_{?,TRUE
83,Viviana,Summerill,vsummerill2a,qY1'G7S38N(ef,TRUE
84,Humphrey,Kik,hkik2b,uY1|'W/.T{Fu2U,FALSE
85,Carlos,Antonopoulos,cantonopoulos2c,"qT8(>J,N~}>vv}",FALSE
86,Katleen,Walasik,kwalasik2d,vF6|'gHKix+53wwn,FALSE
87,Lenka,Middleditch,lmiddleditch2e,fL5@w8YMJX,FALSE
88,Belva,Button,bbutton2f,gK5*X*r\,TRUE
89,Fax,Wrathall,fwrathall2g,tN4&`zlbNn,TRUE
90,Ario,Iorizzi,aiorizzi2h,zX3=5w=wwiJFJ6I,FALSE
91,Marlo,Woodington,mwoodington2i,"jG0""Em8V?,,.?_H>",TRUE
92,Fredek,Benech,fbenech2j,pJ8!jWnu5nqYR6R2,FALSE
93,Rianon,Southouse,rsouthouse2k,nP0!Y{za&{,FALSE
94,Kennedy,Chidzoy,kchidzoy2l,iW9~2Ab+p6ttY,FALSE
95,Reiko,Jonsson,rjonsson2m,hY0*4GniW,TRUE
96,Chrissy,Hasell,chasell2n,hF8/I)3`8sRw9ssG,FALSE
97,Shauna,Loggie,sloggie2o,aW0%KMS>9=wjzE,FALSE
98,Gregorio,Aitkin,gaitkin2p,lF9$jb*a4w,TRUE
99,Robyn,Tebbutt,rtebbutt2q,yQ4+`Nk(#g?W,TRUE
100,Elihu,Garvagh,egarvagh2r,zT1=<\}p5BY,TRUE
101,Abbot,McKimm,amckimm2s,vZ1|55#0t,TRUE
102,Westleigh,Cornill,wcornill2t,jH3!*=s%i,FALSE
103,Lenore,Tabard,ltabard2u,"sX0&""AAA1krwv",FALSE
104,Clair,Redmell,credmell2v,"yC4%""Co+r'm%f",FALSE
105,Romain,Lipsett,rlipsett2w,hM0~LP=jxbj~VZ,TRUE
106,Tamar,Rosnau,trosnau2x,uL6#iOpZs<,FALSE
107,Blane,Hanscom,bhanscom2y,yM3{No>E9j7r9s,FALSE
108,Bret,Curme,bcurme2z,"aB6>aa7+v""y#bD",TRUE
109,Liva,Pitkaithly,lpitkaithly30,eE4/X=Q`i{\Hj},FALSE
110,Sherrie,Frounks,sfrounks31,dA3!Dg)R,FALSE
111,Sheela,Suddick,ssuddick32,pS3{#5b+?,TRUE
112,Rosalynd,Capes,rcapes33,wY8(J!9do'CH|z?Z,TRUE
113,Yale,Dowbiggin,ydowbiggin34,jQ4+l+$U,TRUE
114,Clari,Farish,cfarish35,jC6/=h8s}Gga8G,FALSE
115,Melinda,Ricoald,mricoald36,"zJ8_9mh%nK,!",FALSE
116,Bentlee,Southan,bsouthan37,mE6_Vq<q<z<zAR,FALSE
117,Konstance,Middlehurst,kmiddlehurst38,"dY3&g/""/r<uW$%Dd",FALSE
118,Giorgia,Mathou,gmathou39,eF0$_tbsy64,TRUE
119,Rosa,Gillatt,rgillatt3a,pY4|RD*vvK>8clt',TRUE
120,Lyn,Martinovic,lmartinovic3b,dI8>+xJ6))S.?pRl,TRUE
121,Reidar,Richichi,rrichichi3c,wX4=&6&M(\dea,FALSE
122,Kerrill,Langshaw,klangshaw3d,pW5@h6{E!wjeK,TRUE
123,Scottie,Yoselevitch,syoselevitch3e,rS2>o&$s,FALSE
124,Claudine,Kemmet,ckemmet3f,bE6&#|u4UAer{xE`,FALSE
125,Rod,McGeorge,rmcgeorge3g,mQ9>2P/4$mS9W/,TRUE
126,Dell,Jantot,djantot3h,qU3&.6zu,TRUE
127,Riley,Farahar,rfarahar3i,pC2(YXd6sJK,FALSE
128,Bernie,Kilner,bkilner3j,sS7(#1!5Dz,TRUE
129,Emelda,Pinson,epinson3k,qP1?oQCR%`),FALSE
130,Robinett,Hunter,rhunter3l,qD5.H'pe,FALSE
131,Judd,Jost,jjost3m,uL4!rRb/'hY,FALSE
132,Tod,Petkovic,tpetkovic3n,"bF7""us|*oqM~rQ",TRUE
133,Davina,Primarolo,dprimarolo3o,kF5}zZWBSE+3qV8,FALSE
134,Steward,de Wilde,sdewilde3p,aA9|2PCj\F{*yJ$Z,FALSE
135,Felice,Noye,fnoye3q,"kX6<J,/wE",FALSE
136,Merola,Scoone,mscoone3r,"pG0\.e""J(G}WpN6S",TRUE
137,Ardelle,Schenfisch,aschenfisch3s,"sN4,f8npffC$1",TRUE
138,Kipp,Pepis,kpepis3t,hQ3?J{0/,TRUE
139,Lolita,Wones,lwones3u,tX4|3p=>`DC,FALSE
140,Ky,Hast,khast3v,oR7/*7jK(,FALSE
141,Charo,O'Flynn,coflynn3w,rH7*OfW>}99%,TRUE
142,Letti,Duddan,lduddan3x,wX5<T@TJ@sDTK<&*,TRUE
143,Ugo,Dumberrill,udumberrill3y,pH5)l.R~ahl,TRUE
144,Orelle,Hilling,ohilling3z,uH8.3>=O,TRUE
145,Sandie,De Gregorio,sdegregorio40,uF8_U|XWh_,TRUE
146,Minny,Gover,mgover41,xU4#2LTDB)Q}?,TRUE
147,Dede,Shovelbottom,dshovelbottom42,yR7?eUcn,TRUE
148,Morrie,Waadenburg,mwaadenburg43,iN3{Ne_j|&&%4t@,TRUE
149,Saxe,Dener,sdener44,hD6_41@b\Z%XWk_,FALSE
150,Lanita,Bothams,lbothams45,lW9?fzQXlQR,FALSE
151,Calli,Mourbey,cmourbey46,gI5?i!Q}N,TRUE
152,Dewitt,Chasney,dchasney47,"fE8'3,|CwCa(rZ+(",TRUE
153,Tandy,Humphris,thumphris48,rC6$yU6yvt>!f4l,FALSE
154,Bendicty,Novill,bnovill49,"iT0,~/_'B5}\V",TRUE
155,Scarface,Bentall,sbentall4a,xU5$vyiD)Yihkwq,FALSE
156,Othilia,Gruszka,ogruszka4b,vI8&nTLUo`=8%$*,TRUE
157,Eddy,Tows,etows4c,xX0&+9k@#Pe#1>`u,FALSE
158,Del,Wattinham,dwattinham4d,dG6!(6e!f*l4,TRUE
159,Kynthia,Brandrick,kbrandrick4e,"aE1)=VgNc=x>',",TRUE
160,Lou,Maber,lmaber4f,uN5}oT_ul+,FALSE
161,Glyn,Noar,gnoar4g,nT3*jJGN#dH&?&,FALSE
162,Joice,Kobierra,jkobierra4h,bK1_5%D$),FALSE
163,Basilius,Chase,bchase4i,tX9?~k'y>#&R,FALSE
164,Lyn,Wetherell,lwetherell4j,cD1&Svpx`b,FALSE
165,Roby,Mancer,rmancer4k,kD4*6ThX&/i7Y,TRUE
166,Dana,Potteridge,dpotteridge4l,lM4~)\EL?<R7LV,TRUE
167,Lazare,Gunn,lgunn4m,oC0+/xXUB.@Xq,TRUE
168,Thacher,Garvill,tgarvill4n,bN8=iIEt,TRUE
169,Alejandro,Delnevo,adelnevo4o,qA6@V%ER.K,TRUE
170,Amargo,Gillino,agillino4p,vN4_{tb`0QZ*5.,FALSE
171,Kaycee,Regitz,kregitz4q,tH3~NXtOF{&2V,TRUE
172,Silvain,Haugh,shaugh4r,"uP2.xDZy,J>",TRUE
173,Alwyn,Downey,adowney4s,iZ7)\4J~s|pn!!zw,FALSE
174,Blaire,Ethelston,bethelston4t,kU0+w@6Y_FN(~{!v,TRUE
175,Keely,Bloxham,kbloxham4u,qA6)}}_}b,TRUE
176,Amalle,Macieiczyk,amacieiczyk4v,gA4#fI?%EM,TRUE
177,Mary,Crosby,mcrosby4w,rU0*'{}!PvQ{L3t,TRUE
178,Bonnee,Von Helmholtz,bvonhelmholtz4x,"pT0't,XfB/i",FALSE
179,Turner,Thaine,tthaine4y,cS0/S.\zb'W$1f1,FALSE
180,Rafaela,Connop,rconnop4z,aH7/.42`ud,FALSE
181,Arv,Jzhakov,ajzhakov50,tF7<BzCX,TRUE
182,Mayne,Prenty,mprenty51,jW7<Q!f('2J,FALSE
183,Theodore,Rodda,trodda52,"zH0,kh4Ln",TRUE
184,Wesley,Gillbey,wgillbey53,jG2_2DvAI@Onpeu,FALSE
185,Marja,Pigot,mpigot54,eC1|'hhf,FALSE
186,Winnie,Wilcocke,wwilcocke55,iE7>WQWKPC,TRUE
187,Hilton,Bakewell,hbakewell56,"wU3,HyB)\siY5k",FALSE
188,Dian,Ladel,dladel57,rQ0/g=*zF`\d,FALSE
189,Gage,Wooles,gwooles58,gO8=pR#r0?P<gF9,FALSE
190,Reta,Hosburn,rhosburn59,wG7${0An)_P,FALSE
191,Baxter,Gerrietz,bgerrietz5a,tG4%6+?o,FALSE
192,Melisandra,Woolgar,mwoolgar5b,fR5&/AE~x}(RinH=,FALSE
193,Austen,Mackleden,amackleden5c,eJ7.G+@.,FALSE
194,Bessy,Eaden,beaden5d,tR6/=W5pMeWK4S=t,TRUE
195,Barnaby,Anchor,banchor5e,sI6=K=5O?A'49OV~,FALSE
196,Tremaine,Skeat,tskeat5f,oW6'%TNoU2?oMd8,FALSE
197,Rhetta,Roper,rroper5g,"lQ8~zvF,c,FAe.",TRUE
198,Palm,Winkworth,pwinkworth5h,iO0/8NP#/KhC,TRUE
199,Othilia,Engledow,oengledow5i,iL0~LULgp!oyS},FALSE
200,Hildagarde,Aked,haked5j,"oC5,EkHkXXp!_",TRUE
201,Audy,Gentil,agentil5k,"qB0<>V{,PG!2{a",TRUE
202,Jolynn,Candlin,jcandlin5l,nY3`Ykoh,FALSE
203,Frasquito,Antram,fantram5m,"qY2#4,L%9xPi4$8",TRUE
204,Averell,Sandey,asandey5n,mT2+b5Pq>8m1,TRUE
205,Viva,Meads,vmeads5o,fH9/qxg2wfxLL,TRUE
206,Barth,Onge,bonge5p,vL4~WYO&c\4,TRUE
207,Archie,Dameisele,adameisele5q,"aJ2'""MGBnRDorE",FALSE
208,Ernesta,Feavearyear,efeavearyear5r,tT5~Q$LE,TRUE
209,Fancie,Morefield,fmorefield5s,yT8=r1SAw,TRUE
210,Uriah,Selliman,uselliman5t,wV4.{jR*}5_,TRUE
211,Bink,Buttriss,bbuttriss5u,dQ6{`C7<N,TRUE
212,Marylou,Newick,mnewick5v,"hC2""f%|,",TRUE
213,Davis,Redwood,dredwood5w,"wD9}s<#LPL6|8""%",TRUE
214,Violet,Fredi,vfredi5x,"pF1.""<ZgytD",TRUE
215,Magda,Berggren,mberggren5y,"wM2>1%e""jX5f",TRUE
216,Horst,Warrier,hwarrier5z,vT4+5ri2%>FGu,FALSE
217,Demetrius,Toynbee,dtoynbee60,"oU7`C0Fodj8""/<7",TRUE
218,Nanci,Ruskin,nruskin61,uH1{G\Lk,FALSE
219,Ashly,Stokes,astokes62,hO6{3*}G'\i)Y+0`,TRUE
220,Orren,Ickeringill,oickeringill63,iK3(3Xd7?XAU4t,TRUE
221,Kaine,Honack,khonack64,nW1}%pDp6,TRUE
222,Titus,Nealy,tnealy65,rH3@xbc\DGN,TRUE
223,Hyacinth,Arnot,harnot66,"zV6,s$<YWsF3{(",FALSE
224,Aloysius,Olliff,aolliff67,rX0!4htT,FALSE
225,Sigrid,Plues,splues68,uY7>gk6u,FALSE
226,Ailina,Rolinson,arolinson69,wK7?gaF<,TRUE
227,Antonella,Vautrey,avautrey6a,"hR6\,}E!'TC@T",TRUE
228,Dagny,Hrinchishin,dhrinchishin6b,qL2=wQjTc<%nfT,FALSE
229,Celka,Nayer,cnayer6c,dF0_SvbW8X,TRUE
230,Hayward,Pendlenton,hpendlenton6d,sW4#CycqIt6,TRUE
231,Tabby,Wheaton,twheaton6e,wM1<u0=i|L,TRUE
232,Leslie,Dobbinson,ldobbinson6f,"tJ3""=/{F_<XU#7&Z",FALSE
233,Fedora,De Pero,fdepero6g,iG5`IdxnQn1,FALSE
234,Darnell,Paydon,dpaydon6h,"oY7""gf4kz608C.k""",TRUE
235,Deeyn,Flucker,dflucker6i,nW8&\}NfM?S(W,FALSE
236,Vanya,Maylott,vmaylott6j,yH0@wD<2P6@2H\,FALSE
237,Ross,Maciaszczyk,rmaciaszczyk6k,rG8|K12f,FALSE
238,Morey,Finkle,mfinkle6l,rX3+JIgx,FALSE
239,Chrysa,Durie,cdurie6m,"qU7@/""p/v3cAI?",FALSE
240,Courtnay,Gagen,cgagen6n,iN2(p'oA(XqU,TRUE
241,Gillie,Pink,gpink6o,nO6+vwTAOAK,TRUE
242,Hastie,Veneur,hveneur6p,rZ4@Lc.+SYc2=%@,TRUE
243,Fraser,Mitchenson,fmitchenson6q,nA8_D8wGd\E`d@Fv,FALSE
244,Kean,McGilvray,kmcgilvray6r,"rS7<miv?m,""n~",TRUE
245,Keely,Cottrill,kcottrill6s,"iM6)PR\""N%",FALSE
246,Tedie,Seller,tseller6t,"pD0+""hh*|&I",TRUE
247,Abbot,Whitby,awhitby6u,gZ7+'*\g7~,FALSE
248,Simonne,Lannon,slannon6v,"jK5""1D6/O/WKY)_",TRUE
249,Jamison,Vickors,jvickors6w,gG1\<2mbNs,TRUE
250,Zenia,Calles,zcalles6x,dI3'!z077kH8.,FALSE
251,Tasia,Gertray,tgertray6y,zJ9`@=_6,FALSE
252,Mari,Scamerden,mscamerden6z,"tT3&,SVt@!",FALSE
253,Herta,Pedwell,hpedwell70,yE7<h|C\h_#W,FALSE
254,Sheryl,MacGahy,smacgahy71,"nZ4~4OB$Au""L",TRUE
255,Kean,Massel,kmassel72,kQ2!}|XEN%jN,TRUE
256,Oralia,Anthoin,oanthoin73,"uE3|l#""z=Id5",TRUE
257,Ester,Fass,efass74,vJ8$J+4/A3V,FALSE
258,Laetitia,Coda,lcoda75,"oQ0""w2<{TP>1",TRUE
259,Thaddeus,Salandino,tsalandino76,qX6|_qB|%,FALSE
260,Dewain,Weeke,dweeke77,kM0<se`!ajV,FALSE
261,Neall,Praundlin,npraundlin78,nR0_WQngmt8@gfR,FALSE
262,Birk,Ferrini,bferrini79,sL9'`C|rrI5i%4,FALSE
263,Eugine,Fone,efone7a,zN7+MkQr7p{w,FALSE
264,Anthia,Iskov,aiskov7b,jH9__d&r%C)@S,TRUE
265,Chloris,Kuhnel,ckuhnel7c,"eK7@PaH,@'u",FALSE
266,Joachim,Fullerton,jfullerton7d,oS8!w1vM.m>'g,FALSE
267,Hobart,Beteriss,hbeteriss7e,yU1_!*yXs,TRUE
268,Wiatt,Dalley,wdalley7f,"gI5.,QAs<.eY",TRUE
269,Lorianna,Peskett,lpeskett7g,eV9<1Llr=1Khw,TRUE
270,Carver,Gheerhaert,cgheerhaert7h,wU5$so/jOSw\BktD,TRUE
271,Mufi,Worrall,mworrall7i,nC8`mk.c9{VDJx,TRUE
272,Nannie,Thorsen,nthorsen7j,oJ3#Sm2~LbS$N,TRUE
273,Miguela,Hoys,mhoys7k,vN0?Z)<{D,TRUE
274,Loni,Bodd,lbodd7l,gS0&zU0=,FALSE
275,Evan,Mockett,emockett7m,"pB3"",dZG|0i",TRUE
276,Hoebart,Farahar,hfarahar7n,aL3%`n$/|5,TRUE
277,Cari,Sennett,csennett7o,sP9/F{?L($~&9`,TRUE
278,Hy,Richards,hrichards7p,qD8?=y#x,TRUE
279,Barr,Jeffrey,bjeffrey7q,vV8#rg\>,TRUE
280,Myrtice,Jancey,mjancey7r,hC6?T7VBRE,TRUE
281,Hanny,Rathe,hrathe7s,eK3)x6o3,TRUE
282,Sim,Messager,smessager7t,"pD9>ipurx3ita,",FALSE
283,Fernando,Habbal,fhabbal7u,nL1>XOkh,TRUE
284,Claresta,Gerrie,cgerrie7v,yG8/R4@=(jb$dXN},FALSE
285,Larisa,Slatter,lslatter7w,lZ9<92x7Ht,TRUE
286,Dulcinea,Bradnock,dbradnock7x,zG4)9p~jLGTW!,FALSE
287,Lorine,Jahnel,ljahnel7y,"iA3(*9heER|,1\{",TRUE
288,Reider,Pfiffer,rpfiffer7z,hI5=a\Mu!SxV=3&,FALSE
289,Laurena,Cozzi,lcozzi80,uS3&&(`w,FALSE
290,Carla,Fillingham,cfillingham81,jW8<p4(WL{7c&l,TRUE
291,Lyle,Croll,lcroll82,cZ7=NjIAwZy~}VFs,TRUE
292,Axel,Braunfeld,abraunfeld83,"dV2!JbQ""V0<{UT",TRUE
293,Hephzibah,Kleinholz,hkleinholz84,"hX2*}/Mx>,IC*,+A",TRUE
294,Perry,Antoniak,pantoniak85,pA3|Gk(E2/m,TRUE
295,Aggie,Sykora,asykora86,pH4%U4`1NZ#VRF,TRUE
296,Pearl,Kemetz,pkemetz87,iW9*Huf&,TRUE
297,Bertrand,Wimpenny,bwimpenny88,yT3_|A}7'jQwj2Fg,FALSE
298,Kassandra,Oldford,koldford89,qJ9>={RbA?Ar,FALSE
299,Jeanne,Petrasek,jpetrasek8a,"yI6|29""6\8J=u",TRUE
300,Hall,Estick,hestick8b,sM1@dz_dLu!(O,TRUE
301,Huberto,Lampe,hlampe8c,rR8'(|<#Z(h~PE,FALSE
302,Michail,McLagain,mmclagain8d,zY7$5q\8reeG`,TRUE
303,Emlyn,Essel,eessel8e,iE6'+SI6,FALSE
304,Thornton,Draysey,tdraysey8f,mK6#B>)Y0&,FALSE
305,Mireielle,Canero,mcanero8g,lA2>&|C(}%K!MQg,FALSE
306,Fina,Jeggo,fjeggo8h,oB5$ssm\,TRUE
307,Emma,Donalson,edonalson8i,"nK8,JmsHcBZS",FALSE
308,Amelita,Braley,abraley8j,qF3{_N_o,TRUE
309,Jon,Daleman,jdaleman8k,"nI8,46}0vHd#ynn|",TRUE
310,Terri-jo,Garrioch,tgarrioch8l,"cU0""0*Tg&3egu",TRUE
311,Nana,Oswal,noswal8m,bW4'7~y~hva|S_,TRUE
312,Tomlin,Lorente,tlorente8n,dV7_wM&sT.OEo,TRUE
313,Amery,Quarrington,aquarrington8o,hI8!q0m~GScw,FALSE
314,Natty,Kearton,nkearton8p,cM4%2?!~@#uc,FALSE
315,Ward,Widmoor,wwidmoor8q,"dM2_""MfI8d1&0)p\",TRUE
316,Giacobo,Thunnercliff,gthunnercliff8r,gB6``6/VO+z>k|3U,TRUE
317,Alic,Purtell,apurtell8s,"gT7~lhSg?1={,HjF",TRUE
318,Tasha,Waumsley,twaumsley8t,xG7+/eo%&,TRUE
319,Parker,Tytler,ptytler8u,xC0|)VA*}+VR4s,FALSE
320,Thibaud,Dymick,tdymick8v,jR4`3Zc0,FALSE
321,Hilliard,Boise,hboise8w,nD4\H&wWY2H4DZ\,FALSE
322,Demetris,Bannon,dbannon8x,mL3`k3){k<_Q,FALSE
323,Gabbie,Dudin,gdudin8y,rA5}~h6j`\pM,FALSE
324,Jodie,Buzin,jbuzin8z,cM0$$?HZ`XLe0W!,TRUE
325,Heda,Consterdine,hconsterdine90,pB1.~$I#,FALSE
326,Candice,Rennebach,crennebach91,mP5<tk2U,TRUE
327,Kerwinn,Sartin,ksartin92,mS8+mk9&JT,TRUE
328,Randolph,Berry,rberry93,gV0}Yos`RN(E,TRUE
329,Maxim,Buyers,mbuyers94,lZ5.|!g6tfD_@e,FALSE
330,Job,Feedome,jfeedome95,fG9!E5eJY3Qi=O.o,TRUE
331,Eirena,Pirelli,epirelli96,hE9}cH9/>IOsH,FALSE
332,Malvin,Paulton,mpaulton97,yN9>awH!I,TRUE
333,Grier,Limer,glimer98,"xR5""s?>|47wdi%",FALSE
334,Joy,Pie,jpie99,"iK7\WQ""Z!u~j#K/}",FALSE
335,Aundrea,Honacker,ahonacker9a,hJ7=h3Gm,FALSE
336,Giuseppe,Rowdell,growdell9b,oQ4_F#\F8U0k,TRUE
337,Byrle,Friberg,bfriberg9c,yI2#y#8v15z'S,FALSE
338,Jillana,Greensite,jgreensite9d,sU6*%DT`w,FALSE
339,Alla,Androletti,aandroletti9e,pV5@s0@>\+8V,TRUE
340,Jasun,Dabourne,jdabourne9f,lC1+pGC'mQ+l,TRUE
341,Rustie,Jedrzejczyk,rjedrzejczyk9g,eL4*hPOR,FALSE
342,Cullin,de Leon,cdeleon9h,sH5{l>!$,TRUE
343,Ulrica,Bootman,ubootman9i,wI1\wlTBMQMK3c,FALSE
344,Wrennie,Balden,wbalden9j,tX9<FJvxKYS,FALSE
345,Dugald,Tolcharde,dtolcharde9k,tV2!PdJ9xw.,TRUE
346,Danita,De Blasi,ddeblasi9l,vJ7/lH<..Dz,FALSE
347,Rubin,Reynolds,rreynolds9m,vW9}kLvWEyxAnc,TRUE
348,Bonnibelle,Praundl,bpraundl9n,fY4>\{fA5_,TRUE
349,Hagan,Allpress,hallpress9o,xM3(j9XV=.<qoMH&,FALSE
350,Conchita,Bartali,cbartali9p,qY5$C7pX=6b4,FALSE
351,Mort,Napier,mnapier9q,yN2.?gW.cPcm@Pej,FALSE
352,Tatum,Foister,tfoister9r,gW1~*<)fu%TW,FALSE
353,Robin,Lintin,rlintin9s,yF2|suMD#,FALSE
354,Waverly,Greenroa,wgreenroa9t,vT2<y>Ym<A%ZxFw,TRUE
355,Alva,Kemsley,akemsley9u,bZ6=BeJf/$l3\R,TRUE
356,Madonna,Phillput,mphillput9v,dK8&<cNia`,FALSE
357,Richmound,Maffiotti,rmaffiotti9w,kS4/2ddG<,FALSE
358,Cece,Sandilands,csandilands9x,cE5#xHJNI!,TRUE
359,Way,Brooker,wbrooker9y,nQ7.Q$bU0(,FALSE
360,Max,Mobbs,mmobbs9z,fA1/YkCq7,TRUE
361,Estevan,Pitway,epitwaya0,tY8@dC/?K$NQJ,FALSE
362,Nike,Burdass,nburdassa1,fD4*iatVKkl%j,FALSE
363,Nariko,Winterbotham,nwinterbothama2,vX7}).3*57N,FALSE
364,Lexis,Wormleighton,lwormleightona3,qJ9\~f|@M'Hqw}eT,FALSE
365,Gabrielle,Philpots,gphilpotsa4,sI7(`Bqw(z,FALSE
366,Shandra,Selcraig,sselcraiga5,vJ0\JoVpsHiL?=Zw,FALSE
367,Corbie,Grinval,cgrinvala6,pS1+A<qsvm~Mo//z,TRUE
368,Glynn,Ogg,gogga7,"bD3!sNkJ>RAn,",FALSE
369,Godard,Gratrex,ggratrexa8,fL6'+@AoPn7%jC,FALSE
370,Merry,Gartin,mgartina9,bC2_w{mEu,TRUE
371,Reed,Ruckledge,rruckledgeaa,uX5`7/hs%)3|&QT,FALSE
372,Gun,Rawcliff,grawcliffab,"kM3(2YIq?+""7E7",TRUE
373,Arliene,Caroli,acaroliac,uL4)00*>,TRUE
374,Giusto,Lukasik,glukasikad,wD3_qi&q*0K,FALSE
375,Fran,Feige,ffeigeae,lG2(@Kiw,FALSE
376,Karry,Pottage,kpottageaf,xY6'4t@33e2M@S,TRUE
377,Kelcie,Beggs,kbeggsag,rI5&A1v!dWy+BL6w,FALSE
378,Guido,Dils,gdilsah,nZ8`g<dQv,FALSE
379,Stevena,Kennelly,skennellyai,kP7}i9Ebo5B4,TRUE
380,Dedie,Hames,dhamesaj,dR1?HW'%GB0snL,FALSE
381,Ashley,Enriques,aenriquesak,iL1*SVd)R1or,TRUE
382,Mariellen,Mallion,mmallional,tE3\Gok@YG,FALSE
383,Kassey,Lambin,klambinam,lS3&>!a~%M52,TRUE
384,Enoch,Knill,eknillan,dS2+cS\Ub,FALSE
385,Marika,Montague,mmontagueao,eE8<AsxJ>PoG>MV,TRUE
386,Ysabel,McGrann,ymcgrannap,cJ2?~H3vZ>,TRUE
387,Raimund,Brugden,rbrugdenaq,gI3.{?%{4bQ0so*,FALSE
388,Norman,Bloomer,nbloomerar,pL8*SJdKi,TRUE
389,Jenelle,Mayall,jmayallas,zX2=$}&bn,FALSE
390,Nancey,Greneham,ngrenehamat,"wI9`sB""0$",FALSE
391,Rockie,Ochterlonie,rochterlonieau,mS7|0QbADzPHV),TRUE
392,Annissa,Boncore,aboncoreav,bH3>Js`_c,TRUE
393,York,Rosingdall,yrosingdallaw,iT5'OGYL8I_egV{,TRUE
394,Lizzie,Ziemens,lziemensax,qG4>Vs/|XL(,TRUE
395,Gwenny,Boswell,gboswellay,bW4)+Si=t|,FALSE
396,Gregory,Andrysek,gandrysekaz,uI7\B8ERUtv,TRUE
397,Rosita,Combes,rcombesb0,oT5<2~Y$){`*udC,FALSE
398,Wald,Dovermann,wdovermannb1,"dD1,>2qkVk<",TRUE
399,Minna,Lawrence,mlawrenceb2,"vS1,N`=e_}M",FALSE
400,Carolan,Ilchuk,cilchukb3,kY6(u_'d,FALSE
401,Alene,Aspel,aaspelb4,mJ5&4RN_Cwx,FALSE
402,Tammie,Boumphrey,tboumphreyb5,kQ0)$$le=,FALSE
403,Phineas,Boshard,pboshardb6,fM9%vanNp8|nN(c,FALSE
404,Seumas,Clotworthy,sclotworthyb7,vE8*LRpqEMF+kN,TRUE
405,Rose,Kelshaw,rkelshawb8,zN2/1L}!,FALSE
406,Cordula,Petofi,cpetofib9,"lT8%.Aw!uACH""h?7",TRUE
407,Theresina,Bubeer,tbubeerba,rV3!3tF~3?Q.lFs,FALSE
408,Dorisa,Roke,drokebb,tO7=a0&LwkIfp,FALSE
409,Gunilla,Bernholt,gbernholtbc,dM5?mxsHv/I{,TRUE
410,Abbie,Bowton,abowtonbd,rF1!I|67AOU\ol,TRUE
411,Sigvard,Laming,slamingbe,xT3.N+qqg,TRUE
412,Deck,Bold,dboldbf,iU9>kuqwE~c}Q,TRUE
413,Morganica,Jeaves,mjeavesbg,"xO2?,Jf0)!",TRUE
414,Mandi,Bene,mbenebh,"lT6~Vd1""bR",FALSE
415,Cam,Yarnley,cyarnleybi,"aA0,{9QABFm4",FALSE
416,Basil,Syer,bsyerbj,zI1!~7QJYa,FALSE
417,Cherilyn,Goman,cgomanbk,dO7}90=vLRP,FALSE
418,Bonny,Scawn,bscawnbl,"sE8%,P9p",FALSE
419,Sanford,Bengough,sbengoughbm,"vJ2,Lpw|",FALSE
420,Lexi,Povele,lpovelebn,vB4<ra3uyuurHGkl,FALSE
421,Courtney,Connar,cconnarbo,tN9'm>*N,FALSE
422,Shadow,D'Agostino,sdagostinobp,fF2(AVXOH#5#}3,FALSE
423,Tremaine,Boulder,tboulderbq,yR8<G=osmL%q,TRUE
424,Joni,Simonson,jsimonsonbr,uV1/L'j4Zk5,TRUE
425,Lewiss,Martinets,lmartinetsbs,lX4!\xNE0PL++,FALSE
426,April,Piatti,apiattibt,lQ6}`!'uHveO,TRUE
427,Dewain,Nequest,dnequestbu,kI4{u{h)Lv3@,TRUE
428,Shauna,Salvati,ssalvatibv,gH1'Rj9VDYMx>#U,TRUE
429,Hakim,Honeyghan,hhoneyghanbw,"yT1,E+lH{anSjG",FALSE
430,Petunia,Tabourel,ptabourelbx,iC2(JJ!E)9A,TRUE
431,Becky,Edmonson,bedmonsonby,tG5`>!>IHZ&,FALSE
432,Conrade,Cluney,ccluneybz,lW5>d}9iq,TRUE
433,Addy,Liver,aliverc0,bT8_>Z+G+,TRUE
434,Cassaundra,Sponder,csponderc1,qT5~g+pY$|7,TRUE
435,Jocko,Klasen,jklasenc2,eE7=$Sy<T,TRUE
436,Tiffi,Cobden,tcobdenc3,qX3)Henm0gB`,TRUE
437,Corny,Morteo,cmorteoc4,qT6$981uo&&E04,TRUE
438,Brodie,Pregel,bpregelc5,hH3$uzJ!pC,FALSE
439,Hillier,Gasquoine,hgasquoinec6,"gB2/1z""&XYck",TRUE
440,Thibaud,Renner,trennerc7,iL3)q~/Kk*k,FALSE
441,Delinda,Jarrad,djarradc8,qZ5+O|Q\TR+,TRUE
442,Juliann,O'Bradane,jobradanec9,"pD2)0n,',+3sk",FALSE
443,Amber,Penney,apenneyca,"xI3\,Lj0P&m",FALSE
444,Gaylord,Aimer,gaimercb,"wO7?v"".mDF_",FALSE
445,Nana,Pauleau,npauleaucc,aH7=ZA{!6c,FALSE
446,Nickie,Hedling,nhedlingcd,"rB3'Md""Et""!h",FALSE
447,Isidro,Lebbon,ilebbonce,bA1(z{j_(Y,TRUE
448,Kristan,Winterbourne,kwinterbournecf,mY4}'?n~hvCkMzV,FALSE
449,Packston,Torri,ptorricg,yX5?0lfe9n9?8'h,TRUE
450,Paloma,Dregan,pdreganch,mJ2/vIB1vw>,FALSE
451,Anabal,Gantley,agantleyci,iX0(E_gfV3*6@c3,TRUE
452,Godwin,Boddice,gboddicecj,"dY8""672.",TRUE
453,Evonne,Kilkenny,ekilkennyck,cQ7%cw&ri_P0W_3,FALSE
454,Demott,Durman,ddurmancl,iZ5>~\n5Kww,TRUE
455,Magdalene,Muckloe,mmuckloecm,lJ6?_T5Qf#Uz)f9,TRUE
456,Ivie,D'Ugo,idugocn,kD8?(hgASS)9ka,FALSE
457,Noelle,Tregaskis,ntregaskisco,yO3&7m3CusxW!,TRUE
458,Noe,Hupe,nhupecp,mL5/K(s&Rru1eY&k,FALSE
459,Angelique,Drake,adrakecq,mS8<>F95CO$,FALSE
460,Kassandra,Gulc,kgulccr,"uJ4,X..hr6",FALSE
461,Nyssa,Chestney,nchestneycs,bL4/59Y{(eX@Jy,TRUE
462,Aura,Heugle,aheuglect,rG3{hX{t@'%c,TRUE
463,Franni,Dicks,fdickscu,"oU6@,3_tmR",TRUE
464,Barty,Baison,bbaisoncv,eS5@>{I6@0,FALSE
465,Thorpe,Escoffier,tescoffiercw,"cA5/~@JO7mS,tF0",FALSE
466,Gui,Brodeur,gbrodeurcx,"zR7~rj3,,.ASI",FALSE
467,Raine,Heigold,rheigoldcy,yD1_@68@X}L6Y,FALSE
468,My,Sarfati,msarfaticz,pA4=r&!IKSHZV7r,TRUE
469,Papageno,Pheasant,ppheasantd0,yN9@05NqWa&|,FALSE
470,Claresta,Currao,ccurraod1,vS2(*ijQ*_1,FALSE
471,Harriott,Moger,hmogerd2,"jD5',Mxk_al",TRUE
472,Mel,Angric,mangricd3,xN0}N64{SNso/,FALSE
473,Suzanne,Scarisbrick,sscarisbrickd4,"iN2!=?KrJ~p""_Xf",FALSE
474,Cybil,Rengger,crenggerd5,tS4*03w'YzwYn`,FALSE
475,Witty,Tremeer,wtremeerd6,sH4}jy$_w,FALSE
476,Johnathan,Hutchason,jhutchasond7,"rO9',#vhV3I+",TRUE
477,Dorthy,Yakubov,dyakubovd8,eQ7(qFBRBLS,TRUE
478,Poppy,Dandison,pdandisond9,xU7&quV'sFA*(*u,FALSE
479,Reade,Barette,rbaretteda,fL2(O(*J?9(#q,TRUE
480,Nertie,Sperry,nsperrydb,iZ4?o0(*R,FALSE
481,Alexia,Bewshea,abewsheadc,zH7.~rtJq*X8T}mk,FALSE
482,Felicity,Lorenzin,florenzindd,iY7>}/Y2seSK`q9C,TRUE
483,Donica,Straw,dstrawde,tT9}F%.SQIUfsm>,TRUE
484,Karney,Earlam,kearlamdf,qW4>ZkoOy`T6,TRUE
485,Briney,Jime,bjimedg,"qW2,l=P}j_|",FALSE
486,Kendra,Bullough,kbulloughdh,oN4(}p_ZOT*,TRUE
487,Harald,Nayshe,hnayshedi,tN0)#NlxlTfQ=>,TRUE
488,Tallie,Battershall,tbattershalldj,"aQ1|,?r=@",TRUE
489,Sherline,Damp,sdampdk,"qW7|4{o+""8!+Do",FALSE
490,Brit,Hessle,bhessledl,cO0<kzcU,TRUE
491,Belva,Leadbeatter,bleadbeatterdm,pL3\oN!*R6,FALSE
492,Alic,Peskett,apeskettdn,cK2|{FF+,FALSE
493,Taddeusz,Hartzog,thartzogdo,hZ3(3TauAiS=G,TRUE
494,Rivalee,Greenrde,rgreenrdedp,cP7<1BP}i,FALSE
495,Jason,Coldham,jcoldhamdq,oD4~I5ez4,TRUE
496,Elayne,Hencke,ehenckedr,"mX7*}<+o58sI""dcu",FALSE
497,Roderick,Dobson,rdobsonds,pJ0.?KhYQ\,TRUE
498,Nadiya,Asp,naspdt,rN7=nZr?|,FALSE
499,Corly,Bastick,cbastickdu,jK2=cgx<\,FALSE
500,Atlanta,Yewman,ayewmandv,yO3*@QmKlhDv7P=`,TRUE
